ID,Name,Email,Phone,SSN,CreditCard,SignupDate,Notes
1,Bob Miller,bob.miller92@website.org,(581) 328-8158,146-84-2355,4187-7121-3044-1175,2026-03-26,Customer contact via email bob.miller92@website.org or phone (581) 328-8158.
2,Charlie Williams,charlie.williams77@example.com,(716) 855-3189,235-12-5494,4588-2246-9141-9239,2025-09-07,Customer contact via email charlie.williams77@example.com or phone (716) 855-3189.
3,Alice Miller,alice.miller83@techcorp.io,(716) 506-8566,879-10-6844,4499-2341-2487-5177,2020-07-19,Customer contact via email alice.miller83@techcorp.io or phone (716) 506-8566.
4,Fiona Jones,fiona.jones57@example.com,(851) 415-4700,404-94-8726,4827-2371-5456-3483,2020-05-11,Customer contact via email fiona.jones57@example.com or phone (851) 415-4700.
5,Hannah Williams,hannah.williams11@mail.net,(920) 882-8038,105-37-3088,4939-9394-7611-4915,2020-02-28,Customer contact via email hannah.williams11@mail.net or phone (920) 882-8038.
1,Bob Miller,bob.miller925@website.org,(581) 328-8158,146-84-2355,4187-7121-3044-1175,2026-03-26,Customer contact via email bob.miller925@website.org or phone (581) 328-8158.
2,Charlie Williams,charlie.williams776@example.com,(716) 855-3189,235-12-5494,4588-2246-9141-9239,2025-09-07,Customer contact via email charlie.williams776@example.com or phone (716) 855-3189.
3,Alice Miller,alice.miller837@techcorp.io,(716) 506-8566,879-10-6844,4499-2341-2487-5177,2020-07-19,Customer contact via email alice.miller837@techcorp.io or phone (716) 506-8566.
4,Fiona Jones,fiona.jones578@example.com,(851) 415-4700,404-94-8726,4827-2371-5456-3483,2020-05-11,Customer contact via email fiona.jones578@example.com or phone (851) 415-4700.
5,Hannah Williams,hannah.williams119@mail.net,(920) 882-8038,105-37-3088,4939-9394-7611-4915,2020-02-28,Customer contact via email hannah.williams119@mail.net or phone (920) 882-8038.
1,Bob Miller,bob.miller9210@website.org,(581) 328-8158,146-84-2355,4187-7121-3044-1175,2026-03-26,Customer contact via email bob.miller9210@website.org or phone (581) 328-8158.
2,Charlie Williams,charlie.williams7711@example.com,(716) 855-3189,235-12-5494,4588-2246-9141-9239,2025-09-07,Customer contact via email charlie.williams7711@example.com or phone (716) 855-3189.
3,Alice Miller,alice.miller8312@techcorp.io,(716) 506-8566,879-10-6844,4499-2341-2487-5177,2020-07-19,Customer contact via email alice.miller8312@techcorp.io or phone (716) 506-8566.
4,Fiona Jones,fiona.jones5713@example.com,(851) 415-4700,404-94-8726,4827-2371-5456-3483,2020-05-11,Customer contact via email fiona.jones5713@example.com or phone (851) 415-4700.
5,Hannah Williams,hannah.williams1114@mail.net,(920) 882-8038,105-37-3088,4939-9394-7611-4915,2020-02-28,Customer contact via email hannah.williams1114@mail.net or phone (920) 882-8038.
1,Bob Miller,bob.miller9215@website.org,(581) 328-8158,146-84-2355,4187-7121-3044-1175,2026-03-26,Customer contact via email bob.miller9215@website.org or phone (581) 328-8158.
2,Charlie Williams,charlie.williams7716@example.com,(716) 855-3189,235-12-5494,4588-2246-9141-9239,2025-09-07,Customer contact via email charlie.williams7716@example.com or phone (716) 855-3189.
3,Alice Miller,alice.miller8317@techcorp.io,(716) 506-8566,879-10-6844,4499-2341-2487-5177,2020-07-19,Customer contact via email alice.miller8317@techcorp.io or phone (716) 506-8566.
4,Fiona Jones,fiona.jones5718@example.com,(851) 415-4700,404-94-8726,4827-2371-5456-3483,2020-05-11,Customer contact via email fiona.jones5718@example.com or phone (851) 415-4700.
5,Hannah Williams,hannah.williams1119@mail.net,(920) 882-8038,105-37-3088,4939-9394-7611-4915,2020-02-28,Customer contact via email hannah.williams1119@mail.net or phone (920) 882-8038.
1,Bob Miller,bob.miller9220@website.org,(581) 328-8158,146-84-2355,4187-7121-3044-1175,2026-03-26,Customer contact via email bob.miller9220@website.org or phone (581) 328-8158.
2,Charlie Williams,charlie.williams7721@example.com,(716) 855-3189,235-12-5494,4588-2246-9141-9239,2025-09-07,Customer contact via email charlie.williams7721@example.com or phone (716) 855-3189.
3,Alice Miller,alice.miller8322@techcorp.io,(716) 506-8566,879-10-6844,4499-2341-2487-5177,2020-07-19,Customer contact via email alice.miller8322@techcorp.io or phone (716) 506-8566.
4,Fiona Jones,fiona.jones5723@example.com,(851) 415-4700,404-94-8726,4827-2371-5456-3483,2020-05-11,Customer contact via email fiona.jones5723@example.com or phone (851) 415-4700.
5,Hannah Williams,hannah.williams1124@mail.net,(920) 882-8038,105-37-3088,4939-9394-7611-4915,2020-02-28,Customer contact via email hannah.williams1124@mail.net or phone (920) 882-8038.
1,Bob Miller,bob.miller9225@website.org,(581) 328-8158,146-84-2355,4187-7121-3044-1175,2026-03-26,Customer contact via email bob.miller9225@website.org or phone (581) 328-8158.
2,Charlie Williams,charlie.williams7726@example.com,(716) 855-3189,235-12-5494,4588-2246-9141-9239,2025-09-07,Customer contact via email charlie.williams7726@example.com or phone (716) 855-3189.
3,Alice Miller,alice.miller8327@techcorp.io,(716) 506-8566,879-10-6844,4499-2341-2487-5177,2020-07-19,Customer contact via email alice.miller8327@techcorp.io or phone (716) 506-8566.
4,Fiona Jones,fiona.jones5728@example.com,(851) 415-4700,404-94-8726,4827-2371-5456-3483,2020-05-11,Customer contact via email fiona.jones5728@example.com or phone (851) 415-4700.
5,Hannah Williams,hannah.williams1129@mail.net,(920) 882-8038,105-37-3088,4939-9394-7611-4915,2020-02-28,Customer contact via email hannah.williams1129@mail.net or phone (920) 882-8038.
1,Bob Miller,bob.miller9230@website.org,(581) 328-8158,146-84-2355,4187-7121-3044-1175,2026-03-26,Customer contact via email bob.miller9230@website.org or phone (581) 328-8158.
2,Charlie Williams,charlie.williams7731@example.com,(716) 855-3189,235-12-5494,4588-2246-9141-9239,2025-09-07,Customer contact via email charlie.williams7731@example.com or phone (716) 855-3189.
3,Alice Miller,alice.miller8332@techcorp.io,(716) 506-8566,879-10-6844,4499-2341-2487-5177,2020-07-19,Customer contact via email alice.miller8332@techcorp.io or phone (716) 506-8566.
4,Fiona Jones,fiona.jones5733@example.com,(851) 415-4700,404-94-8726,4827-2371-5456-3483,2020-05-11,Customer contact via email fiona.jones5733@example.com or phone (851) 415-4700.
5,Hannah Williams,hannah.williams1134@mail.net,(920) 882-8038,105-37-3088,4939-9394-7611-4915,2020-02-28,Customer contact via email hannah.williams1134@mail.net or phone (920) 882-8038.
1,Bob Miller,bob.miller9235@website.org,(581) 328-8158,146-84-2355,4187-7121-3044-1175,2026-03-26,Customer contact via email bob.miller9235@website.org or phone (581) 328-8158.
2,Charlie Williams,charlie.williams7736@example.com,(716) 855-3189,235-12-5494,4588-2246-9141-9239,2025-09-07,Customer contact via email charlie.williams7736@example.com or phone (716) 855-3189.
3,Alice Miller,alice.miller8337@techcorp.io,(716) 506-8566,879-10-6844,4499-2341-2487-5177,2020-07-19,Customer contact via email alice.miller8337@techcorp.io or phone (716) 506-8566.
4,Fiona Jones,fiona.jones5738@example.com,(851) 415-4700,404-94-8726,4827-2371-5456-3483,2020-05-11,Customer contact via email fiona.jones5738@example.com or phone (851) 415-4700.
5,Hannah Williams,hannah.williams1139@mail.net,(920) 882-8038,105-37-3088,4939-9394-7611-4915,2020-02-28,Customer contact via email hannah.williams1139@mail.net or phone (920) 882-8038.
1,Bob Miller,bob.miller9240@website.org,(581) 328-8158,146-84-2355,4187-7121-3044-1175,2026-03-26,Customer contact via email bob.miller9240@website.org or phone (581) 328-8158.
2,Charlie Williams,charlie.williams7741@example.com,(716) 855-3189,235-12-5494,4588-2246-9141-9239,2025-09-07,Customer contact via email charlie.williams7741@example.com or phone (716) 855-3189.
3,Alice Miller,alice.miller8342@techcorp.io,(716) 506-8566,879-10-6844,4499-2341-2487-5177,2020-07-19,Customer contact via email alice.miller8342@techcorp.io or phone (716) 506-8566.
4,Fiona Jones,fiona.jones5743@example.com,(851) 415-4700,404-94-8726,4827-2371-5456-3483,2020-05-11,Customer contact via email fiona.jones5743@example.com or phone (851) 415-4700.
5,Hannah Williams,hannah.williams1144@mail.net,(920) 882-8038,105-37-3088,4939-9394-7611-4915,2020-02-28,Customer contact via email hannah.williams1144@mail.net or phone (920) 882-8038.
1,Bob Miller,bob.miller9245@website.org,(581) 328-8158,146-84-2355,4187-7121-3044-1175,2026-03-26,Customer contact via email bob.miller9245@website.org or phone (581) 328-8158.
2,Charlie Williams,charlie.williams7746@example.com,(716) 855-3189,235-12-5494,4588-2246-9141-9239,2025-09-07,Customer contact via email charlie.williams7746@example.com or phone (716) 855-3189.
3,Alice Miller,alice.miller8347@techcorp.io,(716) 506-8566,879-10-6844,4499-2341-2487-5177,2020-07-19,Customer contact via email alice.miller8347@techcorp.io or phone (716) 506-8566.
4,Fiona Jones,fiona.jones5748@example.com,(851) 415-4700,404-94-8726,4827-2371-5456-3483,2020-05-11,Customer contact via email fiona.jones5748@example.com or phone (851) 415-4700.
5,Hannah Williams,hannah.williams1149@mail.net,(920) 882-8038,105-37-3088,4939-9394-7611-4915,2020-02-28,Customer contact via email hannah.williams1149@mail.net or phone (920) 882-8038.
1,Bob Miller,bob.miller9250@website.org,(581) 328-8158,146-84-2355,4187-7121-3044-1175,2026-03-26,Customer contact via email bob.miller9250@website.org or phone (581) 328-8158.
2,Charlie Williams,charlie.williams7751@example.com,(716) 855-3189,235-12-5494,4588-2246-9141-9239,2025-09-07,Customer contact via email charlie.williams7751@example.com or phone (716) 855-3189.
3,Alice Miller,alice.miller8352@techcorp.io,(716) 506-8566,879-10-6844,4499-2341-2487-5177,2020-07-19,Customer contact via email alice.miller8352@techcorp.io or phone (716) 506-8566.
4,Fiona Jones,fiona.jones5753@example.com,(851) 415-4700,404-94-8726,4827-2371-5456-3483,2020-05-11,Customer contact via email fiona.jones5753@example.com or phone (851) 415-4700.
5,Hannah Williams,hannah.williams1154@mail.net,(920) 882-8038,105-37-3088,4939-9394-7611-4915,2020-02-28,Customer contact via email hannah.williams1154@mail.net or phone (920) 882-8038.
1,Bob Miller,bob.miller9255@website.org,(581) 328-8158,146-84-2355,4187-7121-3044-1175,2026-03-26,Customer contact via email bob.miller9255@website.org or phone (581) 328-8158.
2,Charlie Williams,charlie.williams7756@example.com,(716) 855-3189,235-12-5494,4588-2246-9141-9239,2025-09-07,Customer contact via email charlie.williams7756@example.com or phone (716) 855-3189.
3,Alice Miller,alice.miller8357@techcorp.io,(716) 506-8566,879-10-6844,4499-2341-2487-5177,2020-07-19,Customer contact via email alice.miller8357@techcorp.io or phone (716) 506-8566.
4,Fiona Jones,fiona.jones5758@example.com,(851) 415-4700,404-94-8726,4827-2371-5456-3483,2020-05-11,Customer contact via email fiona.jones5758@example.com or phone (851) 415-4700.
5,Hannah Williams,hannah.williams1159@mail.net,(920) 882-8038,105-37-3088,4939-9394-7611-4915,2020-02-28,Customer contact via email hannah.williams1159@mail.net or phone (920) 882-8038.
1,Bob Miller,bob.miller9260@website.org,(581) 328-8158,146-84-2355,4187-7121-3044-1175,2026-03-26,Customer contact via email bob.miller9260@website.org or phone (581) 328-8158.
2,Charlie Williams,charlie.williams7761@example.com,(716) 855-3189,235-12-5494,4588-2246-9141-9239,2025-09-07,Customer contact via email charlie.williams7761@example.com or phone (716) 855-3189.
3,Alice Miller,alice.miller8362@techcorp.io,(716) 506-8566,879-10-6844,4499-2341-2487-5177,2020-07-19,Customer contact via email alice.miller8362@techcorp.io or phone (716) 506-8566.
4,Fiona Jones,fiona.jones5763@example.com,(851) 415-4700,404-94-8726,4827-2371-5456-3483,2020-05-11,Customer contact via email fiona.jones5763@example.com or phone (851) 415-4700.
5,Hannah Williams,hannah.williams1164@mail.net,(920) 882-8038,105-37-3088,4939-9394-7611-4915,2020-02-28,Customer contact via email hannah.williams1164@mail.net or phone (920) 882-8038.
1,Bob Miller,bob.miller9265@website.org,(581) 328-8158,146-84-2355,4187-7121-3044-1175,2026-03-26,Customer contact via email bob.miller9265@website.org or phone (581) 328-8158.
2,Charlie Williams,charlie.williams7766@example.com,(716) 855-3189,235-12-5494,4588-2246-9141-9239,2025-09-07,Customer contact via email charlie.williams7766@example.com or phone (716) 855-3189.
3,Alice Miller,alice.miller8367@techcorp.io,(716) 506-8566,879-10-6844,4499-2341-2487-5177,2020-07-19,Customer contact via email alice.miller8367@techcorp.io or phone (716) 506-8566.
4,Fiona Jones,fiona.jones5768@example.com,(851) 415-4700,404-94-8726,4827-2371-5456-3483,2020-05-11,Customer contact via email fiona.jones5768@example.com or phone (851) 415-4700.
5,Hannah Williams,hannah.williams1169@mail.net,(920) 882-8038,105-37-3088,4939-9394-7611-4915,2020-02-28,Customer contact via email hannah.williams1169@mail.net or phone (920) 882-8038.
1,Bob Miller,bob.miller9270@website.org,(581) 328-8158,146-84-2355,4187-7121-3044-1175,2026-03-26,Customer contact via email bob.miller9270@website.org or phone (581) 328-8158.
2,Charlie Williams,charlie.williams7771@example.com,(716) 855-3189,235-12-5494,4588-2246-9141-9239,2025-09-07,Customer contact via email charlie.williams7771@example.com or phone (716) 855-3189.
3,Alice Miller,alice.miller8372@techcorp.io,(716) 506-8566,879-10-6844,4499-2341-2487-5177,2020-07-19,Customer contact via email alice.miller8372@techcorp.io or phone (716) 506-8566.
4,Fiona Jones,fiona.jones5773@example.com,(851) 415-4700,404-94-8726,4827-2371-5456-3483,2020-05-11,Customer contact via email fiona.jones5773@example.com or phone (851) 415-4700.
5,Hannah Williams,hannah.williams1174@mail.net,(920) 882-8038,105-37-3088,4939-9394-7611-4915,2020-02-28,Customer contact via email hannah.williams1174@mail.net or phone (920) 882-8038.
1,Bob Miller,bob.miller9275@website.org,(581) 328-8158,146-84-2355,4187-7121-3044-1175,2026-03-26,Customer contact via email bob.miller9275@website.org or phone (581) 328-8158.
2,Charlie Williams,charlie.williams7776@example.com,(716) 855-3189,235-12-5494,4588-2246-9141-9239,2025-09-07,Customer contact via email charlie.williams7776@example.com or phone (716) 855-3189.
3,Alice Miller,alice.miller8377@techcorp.io,(716) 506-8566,879-10-6844,4499-2341-2487-5177,2020-07-19,Customer contact via email alice.miller8377@techcorp.io or phone (716) 506-8566.
4,Fiona Jones,fiona.jones5778@example.com,(851) 415-4700,404-94-8726,4827-2371-5456-3483,2020-05-11,Customer contact via email fiona.jones5778@example.com or phone (851) 415-4700.
5,Hannah Williams,hannah.williams1179@mail.net,(920) 882-8038,105-37-3088,4939-9394-7611-4915,2020-02-28,Customer contact via email hannah.williams1179@mail.net or phone (920) 882-8038.
1,Bob Miller,bob.miller9280@website.org,(581) 328-8158,146-84-2355,4187-7121-3044-1175,2026-03-26,Customer contact via email bob.miller9280@website.org or phone (581) 328-8158.
2,Charlie Williams,charlie.williams7781@example.com,(716) 855-3189,235-12-5494,4588-2246-9141-9239,2025-09-07,Customer contact via email charlie.williams7781@example.com or phone (716) 855-3189.
3,Alice Miller,alice.miller8382@techcorp.io,(716) 506-8566,879-10-6844,4499-2341-2487-5177,2020-07-19,Customer contact via email alice.miller8382@techcorp.io or phone (716) 506-8566.
4,Fiona Jones,fiona.jones5783@example.com,(851) 415-4700,404-94-8726,4827-2371-5456-3483,2020-05-11,Customer contact via email fiona.jones5783@example.com or phone (851) 415-4700.
5,Hannah Williams,hannah.williams1184@mail.net,(920) 882-8038,105-37-3088,4939-9394-7611-4915,2020-02-28,Customer contact via email hannah.williams1184@mail.net or phone (920) 882-8038.
1,Bob Miller,bob.miller9285@website.org,(581) 328-8158,146-84-2355,4187-7121-3044-1175,2026-03-26,Customer contact via email bob.miller9285@website.org or phone (581) 328-8158.
2,Charlie Williams,charlie.williams7786@example.com,(716) 855-3189,235-12-5494,4588-2246-9141-9239,2025-09-07,Customer contact via email charlie.williams7786@example.com or phone (716) 855-3189.
3,Alice Miller,alice.miller8387@techcorp.io,(716) 506-8566,879-10-6844,4499-2341-2487-5177,2020-07-19,Customer contact via email alice.miller8387@techcorp.io or phone (716) 506-8566.
4,Fiona Jones,fiona.jones5788@example.com,(851) 415-4700,404-94-8726,4827-2371-5456-3483,2020-05-11,Customer contact via email fiona.jones5788@example.com or phone (851) 415-4700.
5,Hannah Williams,hannah.williams1189@mail.net,(920) 882-8038,105-37-3088,4939-9394-7611-4915,2020-02-28,Customer contact via email hannah.williams1189@mail.net or phone (920) 882-8038.
1,Bob Miller,bob.miller9290@website.org,(581) 328-8158,146-84-2355,4187-7121-3044-1175,2026-03-26,Customer contact via email bob.miller9290@website.org or phone (581) 328-8158.
2,Charlie Williams,charlie.williams7791@example.com,(716) 855-3189,235-12-5494,4588-2246-9141-9239,2025-09-07,Customer contact via email charlie.williams7791@example.com or phone (716) 855-3189.
3,Alice Miller,alice.miller8392@techcorp.io,(716) 506-8566,879-10-6844,4499-2341-2487-5177,2020-07-19,Customer contact via email alice.miller8392@techcorp.io or phone (716) 506-8566.
4,Fiona Jones,fiona.jones5793@example.com,(851) 415-4700,404-94-8726,4827-2371-5456-3483,2020-05-11,Customer contact via email fiona.jones5793@example.com or phone (851) 415-4700.
5,Hannah Williams,hannah.williams1194@mail.net,(920) 882-8038,105-37-3088,4939-9394-7611-4915,2020-02-28,Customer contact via email hannah.williams1194@mail.net or phone (920) 882-8038.
1,Bob Miller,bob.miller9295@website.org,(581) 328-8158,146-84-2355,4187-7121-3044-1175,2026-03-26,Customer contact via email bob.miller9295@website.org or phone (581) 328-8158.
2,Charlie Williams,charlie.williams7796@example.com,(716) 855-3189,235-12-5494,4588-2246-9141-9239,2025-09-07,Customer contact via email charlie.williams7796@example.com or phone (716) 855-3189.
3,Alice Miller,alice.miller8397@techcorp.io,(716) 506-8566,879-10-6844,4499-2341-2487-5177,2020-07-19,Customer contact via email alice.miller8397@techcorp.io or phone (716) 506-8566.
4,Fiona Jones,fiona.jones5798@example.com,(851) 415-4700,404-94-8726,4827-2371-5456-3483,2020-05-11,Customer contact via email fiona.jones5798@example.com or phone (851) 415-4700.
5,Hannah Williams,hannah.williams1199@mail.net,(920) 882-8038,105-37-3088,4939-9394-7611-4915,2020-02-28,Customer contact via email hannah.williams1199@mail.net or phone (920) 882-8038.
