SKU,Location,Quantity,SupplierContact
SKU-9901,Warehouse_A,150,supply@factory1.cn
SKU-9902,Warehouse_B,45,logistics@vendor2.us
SKU-9903,Store_Front,12,manager@localstore.com
SKU-9904,Transit,500,freight@shipping.net
SKU-9901,Warehouse_A,150,supply@factory1.cn
SKU-9901,Warehouse_A,150,supply5@factory1.cn
SKU-9902,Warehouse_B,45,logistics6@vendor2.us
SKU-9903,Store_Front,12,manager7@localstore.com
SKU-9904,Transit,500,freight8@shipping.net
SKU-9901,Warehouse_A,150,supply9@factory1.cn
SKU-9901,Warehouse_A,150,supply10@factory1.cn
SKU-9902,Warehouse_B,45,logistics11@vendor2.us
SKU-9903,Store_Front,12,manager12@localstore.com
SKU-9904,Transit,500,freight13@shipping.net
SKU-9901,Warehouse_A,150,supply14@factory1.cn
SKU-9901,Warehouse_A,150,supply15@factory1.cn
SKU-9902,Warehouse_B,45,logistics16@vendor2.us
SKU-9903,Store_Front,12,manager17@localstore.com
SKU-9904,Transit,500,freight18@shipping.net
SKU-9901,Warehouse_A,150,supply19@factory1.cn
SKU-9901,Warehouse_A,150,supply20@factory1.cn
SKU-9902,Warehouse_B,45,logistics21@vendor2.us
SKU-9903,Store_Front,12,manager22@localstore.com
SKU-9904,Transit,500,freight23@shipping.net
SKU-9901,Warehouse_A,150,supply24@factory1.cn
SKU-9901,Warehouse_A,150,supply25@factory1.cn
SKU-9902,Warehouse_B,45,logistics26@vendor2.us
SKU-9903,Store_Front,12,manager27@localstore.com
SKU-9904,Transit,500,freight28@shipping.net
SKU-9901,Warehouse_A,150,supply29@factory1.cn
SKU-9901,Warehouse_A,150,supply30@factory1.cn
SKU-9902,Warehouse_B,45,logistics31@vendor2.us
SKU-9903,Store_Front,12,manager32@localstore.com
SKU-9904,Transit,500,freight33@shipping.net
SKU-9901,Warehouse_A,150,supply34@factory1.cn
SKU-9901,Warehouse_A,150,supply35@factory1.cn
SKU-9902,Warehouse_B,45,logistics36@vendor2.us
SKU-9903,Store_Front,12,manager37@localstore.com
SKU-9904,Transit,500,freight38@shipping.net
SKU-9901,Warehouse_A,150,supply39@factory1.cn
SKU-9901,Warehouse_A,150,supply40@factory1.cn
SKU-9902,Warehouse_B,45,logistics41@vendor2.us
SKU-9903,Store_Front,12,manager42@localstore.com
SKU-9904,Transit,500,freight43@shipping.net
SKU-9901,Warehouse_A,150,supply44@factory1.cn
SKU-9901,Warehouse_A,150,supply45@factory1.cn
SKU-9902,Warehouse_B,45,logistics46@vendor2.us
SKU-9903,Store_Front,12,manager47@localstore.com
SKU-9904,Transit,500,freight48@shipping.net
SKU-9901,Warehouse_A,150,supply49@factory1.cn
SKU-9901,Warehouse_A,150,supply50@factory1.cn
SKU-9902,Warehouse_B,45,logistics51@vendor2.us
SKU-9903,Store_Front,12,manager52@localstore.com
SKU-9904,Transit,500,freight53@shipping.net
SKU-9901,Warehouse_A,150,supply54@factory1.cn
SKU-9901,Warehouse_A,150,supply55@factory1.cn
SKU-9902,Warehouse_B,45,logistics56@vendor2.us
SKU-9903,Store_Front,12,manager57@localstore.com
SKU-9904,Transit,500,freight58@shipping.net
SKU-9901,Warehouse_A,150,supply59@factory1.cn
SKU-9901,Warehouse_A,150,supply60@factory1.cn
SKU-9902,Warehouse_B,45,logistics61@vendor2.us
SKU-9903,Store_Front,12,manager62@localstore.com
SKU-9904,Transit,500,freight63@shipping.net
SKU-9901,Warehouse_A,150,supply64@factory1.cn
SKU-9901,Warehouse_A,150,supply65@factory1.cn
SKU-9902,Warehouse_B,45,logistics66@vendor2.us
SKU-9903,Store_Front,12,manager67@localstore.com
SKU-9904,Transit,500,freight68@shipping.net
SKU-9901,Warehouse_A,150,supply69@factory1.cn
SKU-9901,Warehouse_A,150,supply70@factory1.cn
SKU-9902,Warehouse_B,45,logistics71@vendor2.us
SKU-9903,Store_Front,12,manager72@localstore.com
SKU-9904,Transit,500,freight73@shipping.net
SKU-9901,Warehouse_A,150,supply74@factory1.cn
SKU-9901,Warehouse_A,150,supply75@factory1.cn
SKU-9902,Warehouse_B,45,logistics76@vendor2.us
SKU-9903,Store_Front,12,manager77@localstore.com
SKU-9904,Transit,500,freight78@shipping.net
SKU-9901,Warehouse_A,150,supply79@factory1.cn
SKU-9901,Warehouse_A,150,supply80@factory1.cn
SKU-9902,Warehouse_B,45,logistics81@vendor2.us
SKU-9903,Store_Front,12,manager82@localstore.com
SKU-9904,Transit,500,freight83@shipping.net
SKU-9901,Warehouse_A,150,supply84@factory1.cn
SKU-9901,Warehouse_A,150,supply85@factory1.cn
SKU-9902,Warehouse_B,45,logistics86@vendor2.us
SKU-9903,Store_Front,12,manager87@localstore.com
SKU-9904,Transit,500,freight88@shipping.net
SKU-9901,Warehouse_A,150,supply89@factory1.cn
SKU-9901,Warehouse_A,150,supply90@factory1.cn
SKU-9902,Warehouse_B,45,logistics91@vendor2.us
SKU-9903,Store_Front,12,manager92@localstore.com
SKU-9904,Transit,500,freight93@shipping.net
SKU-9901,Warehouse_A,150,supply94@factory1.cn
SKU-9901,Warehouse_A,150,supply95@factory1.cn
SKU-9902,Warehouse_B,45,logistics96@vendor2.us
SKU-9903,Store_Front,12,manager97@localstore.com
SKU-9904,Transit,500,freight98@shipping.net
SKU-9901,Warehouse_A,150,supply99@factory1.cn
