ID,Name,Email,Phone,Department,Salary
1,Jack Shepard,jack@example.com,555-0801,Medical,140000
2,Kelly Kapoor,kelly@example.com,555-0802,Customer Service,65000
3,Luke Skywalker,luke@example.com,555-0803,Aviation,125000
4,Marge Simpson,marge@example.com,555-0804,Homemaking,0
5,Ned Flanders,ned@example.com,555-0805,Retail,75000
1,Jack Shepard,jack5@example.com,555-0801,Medical,140000
2,Kelly Kapoor,kelly6@example.com,555-0802,Customer Service,65000
3,Luke Skywalker,luke7@example.com,555-0803,Aviation,125000
4,Marge Simpson,marge8@example.com,555-0804,Homemaking,0
5,Ned Flanders,ned9@example.com,555-0805,Retail,75000
1,Jack Shepard,jack10@example.com,555-0801,Medical,140000
2,Kelly Kapoor,kelly11@example.com,555-0802,Customer Service,65000
3,Luke Skywalker,luke12@example.com,555-0803,Aviation,125000
4,Marge Simpson,marge13@example.com,555-0804,Homemaking,0
5,Ned Flanders,ned14@example.com,555-0805,Retail,75000
1,Jack Shepard,jack15@example.com,555-0801,Medical,140000
2,Kelly Kapoor,kelly16@example.com,555-0802,Customer Service,65000
3,Luke Skywalker,luke17@example.com,555-0803,Aviation,125000
4,Marge Simpson,marge18@example.com,555-0804,Homemaking,0
5,Ned Flanders,ned19@example.com,555-0805,Retail,75000
1,Jack Shepard,jack20@example.com,555-0801,Medical,140000
2,Kelly Kapoor,kelly21@example.com,555-0802,Customer Service,65000
3,Luke Skywalker,luke22@example.com,555-0803,Aviation,125000
4,Marge Simpson,marge23@example.com,555-0804,Homemaking,0
5,Ned Flanders,ned24@example.com,555-0805,Retail,75000
1,Jack Shepard,jack25@example.com,555-0801,Medical,140000
2,Kelly Kapoor,kelly26@example.com,555-0802,Customer Service,65000
3,Luke Skywalker,luke27@example.com,555-0803,Aviation,125000
4,Marge Simpson,marge28@example.com,555-0804,Homemaking,0
5,Ned Flanders,ned29@example.com,555-0805,Retail,75000
1,Jack Shepard,jack30@example.com,555-0801,Medical,140000
2,Kelly Kapoor,kelly31@example.com,555-0802,Customer Service,65000
3,Luke Skywalker,luke32@example.com,555-0803,Aviation,125000
4,Marge Simpson,marge33@example.com,555-0804,Homemaking,0
5,Ned Flanders,ned34@example.com,555-0805,Retail,75000
1,Jack Shepard,jack35@example.com,555-0801,Medical,140000
2,Kelly Kapoor,kelly36@example.com,555-0802,Customer Service,65000
3,Luke Skywalker,luke37@example.com,555-0803,Aviation,125000
4,Marge Simpson,marge38@example.com,555-0804,Homemaking,0
5,Ned Flanders,ned39@example.com,555-0805,Retail,75000
1,Jack Shepard,jack40@example.com,555-0801,Medical,140000
2,Kelly Kapoor,kelly41@example.com,555-0802,Customer Service,65000
3,Luke Skywalker,luke42@example.com,555-0803,Aviation,125000
4,Marge Simpson,marge43@example.com,555-0804,Homemaking,0
5,Ned Flanders,ned44@example.com,555-0805,Retail,75000
1,Jack Shepard,jack45@example.com,555-0801,Medical,140000
2,Kelly Kapoor,kelly46@example.com,555-0802,Customer Service,65000
3,Luke Skywalker,luke47@example.com,555-0803,Aviation,125000
4,Marge Simpson,marge48@example.com,555-0804,Homemaking,0
5,Ned Flanders,ned49@example.com,555-0805,Retail,75000
1,Jack Shepard,jack50@example.com,555-0801,Medical,140000
2,Kelly Kapoor,kelly51@example.com,555-0802,Customer Service,65000
3,Luke Skywalker,luke52@example.com,555-0803,Aviation,125000
4,Marge Simpson,marge53@example.com,555-0804,Homemaking,0
5,Ned Flanders,ned54@example.com,555-0805,Retail,75000
1,Jack Shepard,jack55@example.com,555-0801,Medical,140000
2,Kelly Kapoor,kelly56@example.com,555-0802,Customer Service,65000
3,Luke Skywalker,luke57@example.com,555-0803,Aviation,125000
4,Marge Simpson,marge58@example.com,555-0804,Homemaking,0
5,Ned Flanders,ned59@example.com,555-0805,Retail,75000
1,Jack Shepard,jack60@example.com,555-0801,Medical,140000
2,Kelly Kapoor,kelly61@example.com,555-0802,Customer Service,65000
3,Luke Skywalker,luke62@example.com,555-0803,Aviation,125000
4,Marge Simpson,marge63@example.com,555-0804,Homemaking,0
5,Ned Flanders,ned64@example.com,555-0805,Retail,75000
1,Jack Shepard,jack65@example.com,555-0801,Medical,140000
2,Kelly Kapoor,kelly66@example.com,555-0802,Customer Service,65000
3,Luke Skywalker,luke67@example.com,555-0803,Aviation,125000
4,Marge Simpson,marge68@example.com,555-0804,Homemaking,0
5,Ned Flanders,ned69@example.com,555-0805,Retail,75000
1,Jack Shepard,jack70@example.com,555-0801,Medical,140000
2,Kelly Kapoor,kelly71@example.com,555-0802,Customer Service,65000
3,Luke Skywalker,luke72@example.com,555-0803,Aviation,125000
4,Marge Simpson,marge73@example.com,555-0804,Homemaking,0
5,Ned Flanders,ned74@example.com,555-0805,Retail,75000
1,Jack Shepard,jack75@example.com,555-0801,Medical,140000
2,Kelly Kapoor,kelly76@example.com,555-0802,Customer Service,65000
3,Luke Skywalker,luke77@example.com,555-0803,Aviation,125000
4,Marge Simpson,marge78@example.com,555-0804,Homemaking,0
5,Ned Flanders,ned79@example.com,555-0805,Retail,75000
1,Jack Shepard,jack80@example.com,555-0801,Medical,140000
2,Kelly Kapoor,kelly81@example.com,555-0802,Customer Service,65000
3,Luke Skywalker,luke82@example.com,555-0803,Aviation,125000
4,Marge Simpson,marge83@example.com,555-0804,Homemaking,0
5,Ned Flanders,ned84@example.com,555-0805,Retail,75000
1,Jack Shepard,jack85@example.com,555-0801,Medical,140000
2,Kelly Kapoor,kelly86@example.com,555-0802,Customer Service,65000
3,Luke Skywalker,luke87@example.com,555-0803,Aviation,125000
4,Marge Simpson,marge88@example.com,555-0804,Homemaking,0
5,Ned Flanders,ned89@example.com,555-0805,Retail,75000
1,Jack Shepard,jack90@example.com,555-0801,Medical,140000
2,Kelly Kapoor,kelly91@example.com,555-0802,Customer Service,65000
3,Luke Skywalker,luke92@example.com,555-0803,Aviation,125000
4,Marge Simpson,marge93@example.com,555-0804,Homemaking,0
5,Ned Flanders,ned94@example.com,555-0805,Retail,75000
1,Jack Shepard,jack95@example.com,555-0801,Medical,140000
2,Kelly Kapoor,kelly96@example.com,555-0802,Customer Service,65000
3,Luke Skywalker,luke97@example.com,555-0803,Aviation,125000
4,Marge Simpson,marge98@example.com,555-0804,Homemaking,0
5,Ned Flanders,ned99@example.com,555-0805,Retail,75000
