TxHash,WalletAddress,AmountBTC,Status,Timestamp,NetworkFee,BlockNumber
TX-F6OD469A,,3.7678,CONFIRMED,2024-05-24 17:43:20,0.00322,801737
TX-NRMUPHPV,,1.1962,CONFIRMED,2024-05-23 21:42:22,0.00383,849471
TX-BG0CKYBC,,3.0899,PENDING,2024-05-06 07:24:50,0.00429,822659
TX-0SYYDYJE,,0.4191,CONFIRMED,2024-05-15 23:13:58,0.00083,824627
TX-NA6FIS98,,3.3694,CONFIRMED,2024-05-28 10:15:29,0.00196,801246
TX-NAWA17K5,,0.7405,CONFIRMED,2024-05-18 03:27:22,0.00163,814926
TX-GJQU94F8,,3.4564,CONFIRMED,2024-05-20 11:02:09,0.00251,839127
TX-R86D4CL0,,4.9434,PENDING,2024-05-04 00:01:39,0.00381,805735
TX-TY54CZA6,,2.9391,CONFIRMED,2024-05-08 04:39:59,0.00346,819964
TX-EBFWDDHD,,0.2122,CONFIRMED,2024-05-12 13:21:03,0.00191,826829
TX-OO6QN8S2,,1.8217,CONFIRMED,2024-05-08 09:12:24,0.00317,835297
TX-O3G1G3MT,,0.6556,CONFIRMED,2024-05-17 05:28:45,0.0007,837816
TX-GKQ4IM3Y,,4.6265,CONFIRMED,2024-05-25 10:56:58,0.00341,829822
TX-Q6TNWXBN,,1.828,CONFIRMED,2024-05-03 14:41:18,0.00435,848259
TX-EPQG48LV,,4.5328,CONFIRMED,2024-05-04 11:34:51,0.00442,815504
TX-HZKIQ0QG,,0.3205,CONFIRMED,2024-05-25 18:39:16,0.00314,820802
TX-04Q5YNSP,,4.1021,CONFIRMED,2024-05-24 01:18:21,0.00499,819167
TX-AYHZWMKJ,,0.8706,CONFIRMED,2024-05-19 12:07:36,0.00128,802944
TX-6FIR0STX,,3.0702,CONFIRMED,2024-05-05 16:39:54,0.00076,835637
TX-DIAL3PTU,,0.5765,PENDING,2024-05-16 19:40:28,0.00272,817296
TX-4RYCBKKQ,,3.2668,CONFIRMED,2024-05-22 01:49:30,0.00176,831434
TX-O178GIHQ,,4.1062,CONFIRMED,2024-05-25 21:12:59,0.00223,839366
TX-FOGM8RKQ,,1.1037,CONFIRMED,2024-05-17 03:14:19,0.00109,819117
TX-O5VSICE8,,4.1392,CONFIRMED,2024-05-28 07:56:51,0.0023,812741
TX-50KA6GDA,,2.7004,CONFIRMED,2024-05-24 11:52:37,0.00409,832468
TX-IH8CJ4B8,,3.5261,CONFIRMED,2024-05-23 04:55:40,0.0004,849588
TX-56RUB1RY,,4.2587,FAILED,2024-05-28 21:19:49,0.00464,805455
TX-LEMDGHO4,,4.5596,CONFIRMED,2024-05-22 11:08:21,0.0008,839680
TX-GHCIRPPL,,2.4856,CONFIRMED,2024-05-20 22:00:09,0.00418,816709
TX-WBVWD1NM,,2.811,CONFIRMED,2024-05-14 20:07:15,0.00383,846489
TX-F6FSVV1U,,0.461,CONFIRMED,2024-05-03 20:12:16,0.00096,804897
TX-IT94EW1V,,3.5984,PENDING,2024-05-16 08:46:04,0.00129,817473
TX-9NA3LXCQ,,1.1142,CONFIRMED,2024-05-28 09:38:46,0.00453,801282
TX-PRQOWRYH,,2.9083,CONFIRMED,2024-05-07 20:41:03,0.00089,802698
TX-QHUI0T6F,,2.0504,CONFIRMED,2024-05-24 00:05:42,0.00442,848249
TX-NZYKZSO1,,3.0582,PENDING,2024-05-06 13:53:10,0.00406,815990
TX-Q25B1LIK,,1.7632,FAILED,2024-05-28 03:36:50,0.00451,846746
TX-0245EI1F,,0.9359,CONFIRMED,2024-05-09 00:04:05,0.0045,825347
TX-0O9VOWX6,,0.8394,CONFIRMED,2024-05-04 21:19:25,0.00467,831127
TX-GT70RFCM,,3.6956,CONFIRMED,2024-05-14 20:55:35,0.00036,834240
TX-3KSG5R3Y,,4.1172,CONFIRMED,2024-05-14 23:49:11,0.00265,814510
TX-LHURGW0S,,4.1186,CONFIRMED,2024-05-16 09:41:49,0.00274,840642
TX-ISGZSP38,,4.8292,CONFIRMED,2024-05-13 16:21:10,0.00401,820997
TX-DGLFKO1G,,1.4695,CONFIRMED,2024-05-10 02:17:14,0.00341,838727
TX-GG02O8ED,,3.6578,CONFIRMED,2024-05-16 18:48:27,0.00045,807805
TX-YO818ODP,,0.7201,CONFIRMED,2024-05-08 22:44:54,0.00113,816190
TX-DDWU0J8N,,1.9149,CONFIRMED,2024-05-10 06:16:57,0.00378,827035
TX-BNCIT8XA,,2.8163,CONFIRMED,2024-05-01 15:25:15,0.00245,822293
TX-COOUFYT5,,0.1462,CONFIRMED,2024-05-26 21:34:08,0.00097,846992
TX-EV3H00ON,,3.2426,PENDING,2024-05-08 04:47:55,0.00209,820759
TX-IOAEYK8F,,1.3448,CONFIRMED,2024-05-19 23:19:56,0.00453,831555
TX-AD8EAF2H,,2.2649,CONFIRMED,2024-05-23 06:08:33,0.00437,803302
TX-7BT3Z5R9,,4.3157,CONFIRMED,2024-05-28 21:01:41,0.00169,838052
TX-372QTE5R,,1.3159,CONFIRMED,2024-05-13 16:58:49,0.00369,823598
TX-21E7WJ4N,,1.259,CONFIRMED,2024-05-15 00:14:06,0.00406,846835
TX-5UAZUENE,,0.9005,CONFIRMED,2024-05-11 18:19:23,0.0031,848602
TX-D248BQ2J,,0.4301,CONFIRMED,2024-05-03 15:43:33,0.00134,825853
TX-DWKO5DA2,,1.489,CONFIRMED,2024-05-05 19:35:58,0.0017,821204
TX-F2UTPCX8,,3.8971,CONFIRMED,2024-05-15 11:42:02,0.00194,843827
TX-PI20FRNW,,4.5714,CONFIRMED,2024-05-01 14:15:42,0.00077,830403
TX-9WR1PXJG,,3.8802,CONFIRMED,2024-05-25 12:45:01,0.00397,843697
TX-VFB4H4G9,,0.5167,CONFIRMED,2024-05-18 22:17:59,0.0022,824832
TX-BEBTP9OE,,3.4446,PENDING,2024-05-25 19:31:42,0.00448,816778
TX-K7D85AJG,,3.057,CONFIRMED,2024-05-23 11:14:12,0.00321,836265
TX-QKNL5NME,,2.2196,CONFIRMED,2024-05-14 05:18:56,0.00225,810978
TX-NUUDZQTC,,0.6976,PENDING,2024-05-08 12:48:39,0.00411,826808
TX-19X9VH5K,,3.6917,CONFIRMED,2024-05-10 14:57:35,0.00396,849971
TX-ZV27MSXB,,0.8856,FAILED,2024-05-16 06:02:43,0.00159,841150
TX-ZK9V5B7D,,3.0165,PENDING,2024-05-27 00:29:45,0.00114,814712
TX-W9MXZZON,,0.2624,PENDING,2024-05-01 14:55:42,0.00208,811263
TX-6MNFSKPJ,,0.9512,CONFIRMED,2024-05-02 00:59:48,0.00275,827108
TX-BUS2V028,,4.1495,CONFIRMED,2024-05-08 14:32:39,0.00278,826562
TX-8LZVHFG4,,0.1552,CONFIRMED,2024-05-11 17:22:49,0.00329,840629
TX-QA8LIZHS,,0.8726,CONFIRMED,2024-05-26 12:46:38,0.00287,810759
TX-0BOOMB1V,,1.4355,CONFIRMED,2024-05-03 11:55:51,0.0019,817819
TX-U2W2LSM2,,0.0977,FAILED,2024-05-13 04:02:42,0.00476,835633
TX-ZAFW8O4T,,1.5086,CONFIRMED,2024-05-13 22:24:25,0.00108,828748
TX-NQUKTX2L,,4.1964,CONFIRMED,2024-05-13 17:42:10,0.00098,843000
TX-HF1CBBWB,,1.3411,CONFIRMED,2024-05-18 19:05:14,0.00469,827273
TX-9ID2S0ZY,,2.8556,CONFIRMED,2024-05-18 19:05:00,0.00253,823833
TX-92CSKEZO,,3.4136,CONFIRMED,2024-05-01 20:02:27,0.00408,802052
TX-HLKMJFW3,,0.6698,CONFIRMED,2024-05-01 21:09:24,0.00261,849579
TX-PCY1JZ89,,2.1208,CONFIRMED,2024-05-19 20:53:09,0.00022,801278
TX-TRAIK31L,,0.1324,CONFIRMED,2024-05-01 21:14:53,0.00108,822424
TX-W3J9M3CP,,1.773,CONFIRMED,2024-05-22 12:15:15,0.00154,827368
TX-P8WDAHFI,,3.1402,FAILED,2024-05-11 14:55:11,0.00023,829430
TX-JJNCCNGQ,,0.1096,CONFIRMED,2024-05-16 10:07:15,0.00288,814402
TX-370G7K99,,1.2723,CONFIRMED,2024-05-27 17:17:12,0.00379,815818
TX-MXUWG4N3,,4.5338,CONFIRMED,2024-05-09 14:10:01,0.00424,820301
TX-6EWZKXC9,,3.2622,CONFIRMED,2024-05-28 17:09:04,0.00078,840508
TX-X9FHDYT4,,2.451,CONFIRMED,2024-05-12 09:28:08,0.0011,826496
TX-5W5A96ED,,0.415,CONFIRMED,2024-05-02 07:47:14,0.00428,839162
TX-MREGABMA,,1.5385,CONFIRMED,2024-05-01 08:43:33,0.00127,841433
TX-GHH9938W,,4.5666,CONFIRMED,2024-05-04 23:58:46,0.00108,829558
TX-N38S4GTR,,3.6441,CONFIRMED,2024-05-21 14:27:40,0.00336,812667
TX-R5YTITD2,,2.7571,CONFIRMED,2024-05-07 16:39:24,0.00363,840968
TX-683JIIN1,,1.3756,CONFIRMED,2024-05-20 17:53:51,0.00111,809468
TX-30SYQGPP,,3.6591,CONFIRMED,2024-05-23 13:14:25,0.00011,817216
TX-RG9AVVKM,,1.3428,PENDING,2024-05-07 04:43:16,0.00073,826313
TX-QQNCUYR5,,2.5817,PENDING,2024-05-13 06:23:08,0.00151,825336
