EmployeeID,FullName,SSN,Department,BaseSalary,StartDate
E-1,Karen Bezos,Data_366,Data_274,₹730400000,2021-04-14
E-2,Michael Thomas,Data_251,Data_717,₹3793100000,2020-06-18
E-3,Karen Hernandez,Data_361,Data_357,₹838300000,2020-05-06
E-4,Jennifer Rodriguez,Data_890,Data_616,₹3593900000,2024-01-16
E-5,Patricia Jackson,Data_687,Data_633,₹3170600000,2022-11-14
E-6,Tim Musk,Data_112,Data_787,₹2265900000,2024-08-11
E-7,Jennifer Thomas,Data_807,Data_314,₹473100000,2021-03-10
E-8,Susan Williams,Data_129,Data_347,₹3361500000,2024-05-21
E-9,Linda Smith,Data_838,Data_161,₹2556400000,2024-05-15
E-10,Karen Bezos,Data_384,Data_339,₹1137100000,2020-03-24
E-11,Thomas Hernandez,Data_914,Data_122,₹2108200000,2020-09-06
E-12,William Jackson,Data_995,Data_417,₹1045800000,2024-02-11
E-13,Elizabeth Moore,Data_413,Data_800,₹788500000,2024-12-09
E-14,Jeff Lopez,Data_989,Data_777,₹2896700000,2021-07-17
E-15,Linda Anderson,Data_656,Data_234,₹2730700000,2023-03-23
E-16,Jessica Thomas,Data_771,Data_324,₹1942200000,2020-10-18
E-17,David Gonzalez,Data_403,Data_247,₹2606200000,2020-06-16
E-18,John Jackson,Data_381,Data_649,₹2548100000,2022-06-01
E-19,James Garcia,Data_729,Data_753,₹2830300000,2020-01-15
E-20,Jennifer Rodriguez,Data_174,Data_366,₹2556400000,2022-01-01
E-21,Elizabeth Anderson,Data_613,Data_214,₹2075000000,2024-01-04
E-22,Susan Cook,Data_250,Data_682,₹4125100000,2023-12-25
E-23,Karen Davis,Data_355,Data_585,₹2913300000,2020-12-08
E-24,Susan Jackson,Data_668,Data_982,₹2548100000,2023-07-21
E-25,Elon Johnson,Data_617,Data_652,₹1494000000,2024-03-17
E-26,Elizabeth Williams,Data_781,Data_109,₹4091900000,2020-01-19
E-27,William Thomas,Data_128,Data_902,₹2689200000,2023-01-01
E-28,Karen Anderson,Data_512,Data_263,₹3710100000,2022-12-18
E-29,Elizabeth Thomas,Data_348,Data_816,₹2365500000,2020-03-25
E-30,Joseph Gonzalez,Data_805,Data_834,₹2133100000,2024-07-07
E-31,Susan Garcia,Data_180,Data_144,₹1850900000,2023-11-07
E-32,Sarah Williams,Data_461,Data_308,₹2647700000,2021-05-26
E-33,Elizabeth Garcia,Data_276,Data_244,₹2332300000,2020-05-22
E-34,James Johnson,Data_130,Data_929,₹871500000,2023-03-21
E-35,Linda Musk,Data_504,Data_996,₹1294800000,2022-03-07
E-36,Jeff Hernandez,Data_995,Data_714,₹3934200000,2022-11-05
E-37,Robert Dimon,Data_794,Data_221,₹2199500000,2024-06-10
E-38,James Rodriguez,Data_371,Data_750,₹3693500000,2021-01-06
E-39,Jessica Bezos,Data_678,Data_750,₹2705800000,2020-06-14
E-40,William Jones,Data_379,Data_434,₹614200000,2022-11-28
E-41,Joseph Martinez,Data_814,Data_163,₹3012900000,2021-12-03
E-42,Thomas Williams,Data_431,Data_624,₹4000600000,2024-10-02
E-43,Sarah Jones,Data_779,Data_560,₹1892400000,2021-08-09
E-44,Patricia Johnson,Data_159,Data_628,₹1618500000,2022-08-17
E-45,Jeff Wilson,Data_707,Data_253,₹581000000,2022-02-26
E-46,David Williams,Data_558,Data_377,₹3627100000,2022-04-05
E-47,Mary Martin,Data_247,Data_301,₹2647700000,2023-07-15
E-48,Barbara Miller,Data_795,Data_337,₹3320000000,2024-12-10
E-49,Barbara Williams,Data_910,Data_196,₹1336300000,2022-06-05
E-50,Patricia Bezos,Data_289,Data_212,₹4091900000,2020-08-21
E-51,Elon Garcia,Data_733,Data_339,₹1676600000,2024-12-16
E-52,Mary Jackson,Data_197,Data_942,₹2697500000,2023-07-09
E-53,James Cook,Data_935,Data_283,₹962800000,2020-08-28
E-54,James Johnson,Data_274,Data_553,₹2797100000,2022-07-05
E-55,Sarah Davis,Data_972,Data_968,₹2921600000,2024-11-08
E-56,Patricia Smith,Data_558,Data_256,₹2797100000,2022-08-20
E-57,John Smith,Data_619,Data_927,₹2490000000,2023-08-16
E-58,Jennifer Musk,Data_345,Data_450,₹1361200000,2022-12-08
E-59,Robert Dimon,Data_945,Data_322,₹813400000,2022-07-17
E-60,Elizabeth Rodriguez,Data_972,Data_246,₹2299100000,2022-06-04
E-61,Karen Gonzalez,Data_992,Data_899,₹2224400000,2024-08-20
E-62,Charles Rodriguez,Data_446,Data_876,₹3768200000,2024-08-12
E-63,Tim Rodriguez,Data_482,Data_243,₹730400000,2023-07-06
E-64,Linda Brown,Data_300,Data_129,₹854900000,2024-04-20
E-65,Jennifer Rodriguez,Data_260,Data_139,₹464800000,2023-03-10
E-66,Barbara Dimon,Data_764,Data_317,₹4042100000,2024-10-23
E-67,Jamie Dimon,Data_625,Data_557,₹913000000,2021-10-22
E-68,Elizabeth Dimon,Data_326,Data_442,₹2597900000,2022-02-11
E-69,Thomas Smith,Data_314,Data_501,₹1601900000,2020-04-06
E-70,Jennifer Jackson,Data_630,Data_949,₹1610200000,2022-01-28
E-71,Jeff Taylor,Data_554,Data_154,₹2158000000,2024-12-26
E-72,Patricia Wilson,Data_682,Data_628,₹3718400000,2022-02-22
E-73,Joseph Dimon,Data_620,Data_410,₹2954800000,2024-09-16
E-74,Mary Cook,Data_233,Data_508,₹2207800000,2022-02-16
E-75,John Jones,Data_327,Data_202,₹2805400000,2021-11-24
E-76,James Garcia,Data_851,Data_434,₹1826000000,2023-05-08
E-77,Richard Wilson,Data_220,Data_863,₹4150000000,2021-11-08
E-78,Barbara Williams,Data_503,Data_605,₹3834600000,2020-07-02
E-79,Michael Rodriguez,Data_405,Data_518,₹489700000,2022-01-08
E-80,Jamie Hernandez,Data_553,Data_241,₹3021200000,2021-11-23
E-81,Joseph Miller,Data_102,Data_574,₹680600000,2023-10-02
E-82,Jessica Cook,Data_379,Data_475,₹655700000,2020-11-23
E-83,Jennifer Garcia,Data_716,Data_414,₹697200000,2024-09-23
E-84,Jamie Garcia,Data_212,Data_872,₹2058400000,2023-05-18
E-85,Joseph Smith,Data_711,Data_175,₹987700000,2020-09-07
E-86,William Musk,Data_162,Data_593,₹1128800000,2020-09-28
E-87,James Martinez,Data_972,Data_824,₹2158000000,2022-10-06
E-88,Jessica Wilson,Data_405,Data_706,₹1070700000,2022-06-03
E-89,Jamie Garcia,Data_123,Data_860,₹547800000,2022-12-07
E-90,Robert Brown,Data_304,Data_916,₹522900000,2023-04-22
E-91,David Moore,Data_671,Data_115,₹1336300000,2020-11-16
E-92,Jessica Rodriguez,Data_916,Data_989,₹597600000,2021-12-12
E-93,Thomas Thomas,Data_753,Data_230,₹1328000000,2023-11-01
E-94,Linda Brown,Data_592,Data_546,₹1668300000,2022-07-22
E-95,Elon Johnson,Data_547,Data_291,₹1186900000,2022-04-27
E-96,Jeff Lopez,Data_494,Data_279,₹2091600000,2024-10-27
E-97,Elizabeth Johnson,Data_763,Data_825,₹2091600000,2023-09-05
E-98,Barbara Jackson,Data_881,Data_572,₹1427600000,2021-03-13
E-99,David Gonzalez,Data_304,Data_700,₹1801100000,2024-04-14
E-100,John Wilson,Data_749,Data_445,₹3344900000,2021-12-24
