TicketID,CustomerEmail,IssueDescription,AssignedTo
TCK-16,james.taylor161@global.net,Data_291,Data_776
TCK-92,joseph.martin568@startup.io,Data_371,Data_633
TCK-68,joseph.miller987@example.com,Data_137,Data_181
TCK-10,linda.martin414@business.org,Data_905,Data_851
TCK-40,susan.anderson540@global.net,Data_262,Data_614
TCK-11,sarah.miller861@business.org,Data_881,Data_977
TCK-37,linda.davis926@startup.io,Data_785,Data_529
TCK-91,sarah.thomas140@enterprise.com,Data_987,Data_193
TCK-33,robert.bezos498@enterprise.com,Data_984,Data_892
TCK-41,richard.bezos85@example.com,Data_554,Data_472
TCK-35,karen.thomas944@example.com,Data_563,Data_936
TCK-98,mary.davis587@business.org,Data_780,Data_831
TCK-54,michael.jackson365@tech.co,Data_342,Data_362
TCK-95,jamie.garcia640@startup.io,Data_559,Data_254
TCK-52,david.miller51@tech.co,Data_264,Data_861
TCK-20,michael.moore865@enterprise.com,Data_455,Data_243
TCK-43,tim.miller108@global.net,Data_245,Data_233
TCK-39,joseph.lopez911@company.net,Data_653,Data_529
TCK-34,john.cook2@company.net,Data_246,Data_267
TCK-26,tim.johnson660@enterprise.com,Data_454,Data_704
TCK-2,john.thomas102@global.net,Data_796,Data_637
TCK-71,barbara.jones420@business.org,Data_197,Data_664
TCK-53,michael.smith663@tech.co,Data_944,Data_489
TCK-3,karen.brown200@startup.io,Data_729,Data_897
TCK-1,michael.wilson919@global.net,Data_170,Data_650
TCK-49,karen.johnson461@global.net,Data_582,Data_259
TCK-28,michael.musk447@startup.io,Data_332,Data_827
TCK-29,joseph.hernandez623@global.net,Data_981,Data_606
TCK-72,tim.musk582@global.net,Data_788,Data_366
TCK-64,jeff.dimon507@startup.io,Data_347,Data_620
TCK-57,michael.musk105@business.org,Data_261,Data_839
TCK-42,joseph.davis579@startup.io,Data_329,Data_351
TCK-50,richard.smith119@enterprise.com,Data_375,Data_521
TCK-80,richard.jones449@enterprise.com,Data_683,Data_689
TCK-100,joseph.taylor168@business.org,Data_792,Data_771
TCK-96,tim.musk846@startup.io,Data_387,Data_150
TCK-59,thomas.anderson872@example.com,Data_743,Data_878
TCK-88,tim.lopez141@enterprise.com,Data_139,Data_245
TCK-46,joseph.davis75@enterprise.com,Data_338,Data_114
TCK-86,thomas.hernandez743@company.net,Data_806,Data_498
TCK-69,william.taylor969@tech.co,Data_321,Data_915
TCK-27,jessica.jones985@business.org,Data_929,Data_622
TCK-82,karen.jackson78@startup.io,Data_276,Data_324
TCK-85,elon.jackson139@example.com,Data_263,Data_840
TCK-8,elizabeth.rodriguez97@example.com,Data_341,Data_873
TCK-5,patricia.taylor589@startup.io,Data_235,Data_509
TCK-79,elon.taylor327@tech.co,Data_687,Data_202
TCK-63,elon.dimon371@global.net,Data_400,Data_299
TCK-66,elon.cook210@business.org,Data_411,Data_750
TCK-32,richard.smith816@startup.io,Data_972,Data_366
TCK-60,william.martinez934@global.net,Data_313,Data_559
TCK-38,jennifer.taylor139@tech.co,Data_156,Data_407
TCK-83,jamie.cook806@company.net,Data_931,Data_138
TCK-65,robert.hernandez740@startup.io,Data_141,Data_942
TCK-13,john.thomas914@global.net,Data_505,Data_735
TCK-6,elizabeth.wilson766@enterprise.com,Data_498,Data_333
TCK-19,john.garcia624@enterprise.com,Data_189,Data_769
TCK-36,robert.johnson114@tech.co,Data_348,Data_934
TCK-14,susan.hernandez165@global.net,Data_442,Data_381
TCK-67,jennifer.miller760@startup.io,Data_491,Data_667
TCK-61,jeff.thomas59@startup.io,Data_559,Data_954
TCK-87,mary.hernandez914@startup.io,Data_417,Data_750
TCK-97,jamie.davis729@example.com,Data_762,Data_946
TCK-4,sarah.brown529@example.com,Data_729,Data_352
TCK-78,thomas.davis201@startup.io,Data_903,Data_791
TCK-48,tim.jones918@tech.co,Data_227,Data_514
TCK-15,joseph.davis789@business.org,Data_419,Data_800
TCK-76,robert.garcia491@example.com,Data_922,Data_915
TCK-73,michael.anderson531@global.net,Data_473,Data_206
TCK-93,elon.musk612@example.com,Data_786,Data_930
TCK-77,charles.miller177@tech.co,Data_992,Data_144
TCK-94,david.johnson414@startup.io,Data_429,Data_249
TCK-58,tim.miller471@enterprise.com,Data_870,Data_229
TCK-84,jessica.martin57@example.com,Data_749,Data_354
TCK-47,david.williams44@enterprise.com,Data_107,Data_526
TCK-21,karen.martinez442@business.org,Data_215,Data_579
TCK-18,james.smith355@business.org,Data_328,Data_437
TCK-25,joseph.martinez60@example.com,Data_955,Data_614
TCK-45,karen.davis388@startup.io,Data_624,Data_144
TCK-81,elon.brown186@tech.co,Data_219,Data_376
TCK-44,joseph.smith4@enterprise.com,Data_783,Data_324
TCK-89,thomas.rodriguez387@global.net,Data_380,Data_791
TCK-9,elizabeth.brown433@example.com,Data_968,Data_843
TCK-99,michael.taylor328@global.net,Data_894,Data_115
TCK-74,david.dimon90@global.net,Data_942,Data_422
TCK-17,patricia.brown634@example.com,Data_618,Data_678
TCK-62,susan.hernandez346@example.com,Data_974,Data_659
TCK-23,jennifer.jackson567@company.net,Data_461,Data_810
TCK-51,thomas.jackson15@business.org,Data_873,Data_503
TCK-90,richard.miller302@global.net,Data_911,Data_907
TCK-24,jessica.gonzalez282@global.net,Data_669,Data_945
TCK-7,john.dimon542@business.org,Data_231,Data_989
TCK-70,thomas.bezos557@global.net,Data_910,Data_867
TCK-56,elizabeth.davis143@startup.io,Data_273,Data_819
TCK-31,joseph.brown455@enterprise.com,Data_715,Data_452
TCK-30,charles.martin604@enterprise.com,Data_136,Data_636
TCK-75,mary.garcia677@tech.co,Data_780,Data_732
TCK-12,robert.rodriguez523@global.net,Data_192,Data_363
TCK-22,thomas.martin312@global.net,Data_840,Data_765
TCK-55,sarah.lopez942@business.org,Data_407,Data_643
