CompanyName,CEO,WorkPhone,AnnualRevenue
NexusCore Ltd,Jeff Martin,XXX-XX-1338,$49400000
AutoMotive Ltd,Karen Martinez,XXX-XX-4048,$41500000
CloudNet Inc,Barbara Wilson,XXX-XX-3355,$42300000
RetailGiant ,Michael Martinez,XXX-XX-5283,$5900000
HealthPlus LLC,Robert Davis,XXX-XX-6256,$32900000
DataSys Inc,Jennifer Hernandez,XXX-XX-8498,$37300000
CyberShield Inc,Robert Johnson,XXX-XX-7761,$6700000
TechCorp Ltd,Charles Taylor,XXX-XX-9774,$22700000
FinTech Ltd,Barbara Gonzalez,XXX-XX-2976,$34300000
CloudNet Ltd,Charles Musk,XXX-XX-8463,$20600000
CyberShield Inc,William Rodriguez,XXX-XX-1405,$34200000
FinTech Inc,Elizabeth Johnson,XXX-XX-6283,$29700000
FinanceHub Corp,Joseph Moore,XXX-XX-6405,$25800000
TechCorp LLC,Thomas Jones,XXX-XX-7305,$9700000
CyberShield Ltd,Joseph Jones,XXX-XX-2801,$36300000
FinanceHub Inc,Robert Brown,XXX-XX-5675,$34600000
AeroSpace Corp,Michael Martinez,XXX-XX-3202,$14800000
TechCorp ,Charles Cook,XXX-XX-7270,$22200000
DataSys Inc,Elizabeth Martin,XXX-XX-1336,$15200000
FinTech ,Tim Dimon,XXX-XX-3084,$19200000
AutoMotive LLC,Thomas Williams,XXX-XX-7283,$49400000
EcoGreen ,John Gonzalez,XXX-XX-2439,$29300000
QuantumNet Corp,Joseph Moore,XXX-XX-9227,$35600000
FinTech ,Susan Williams,XXX-XX-3757,$9700000
FinanceHub Inc,Jennifer Gonzalez,XXX-XX-8643,$32900000
FinanceHub Corp,Jennifer Bezos,XXX-XX-1611,$11400000
AeroSpace Ltd,Susan Miller,XXX-XX-3448,$44500000
CloudNet ,Elon Dimon,XXX-XX-1087,$31300000
QuantumNet LLC,William Taylor,XXX-XX-5498,$34800000
CloudNet Corp,Jamie Davis,XXX-XX-7129,$10000000
DataSys Inc,Jamie Williams,XXX-XX-9764,$14800000
FinanceHub Ltd,Jamie Hernandez,XXX-XX-2195,$22800000
EcoGreen Inc,Barbara Anderson,XXX-XX-2129,$42400000
AutoMotive LLC,Robert Moore,XXX-XX-2564,$8900000
AeroSpace Ltd,Joseph Rodriguez,XXX-XX-8114,$26600000
EcoGreen ,Jessica Bezos,XXX-XX-7476,$39300000
CloudNet Ltd,Thomas Gonzalez,XXX-XX-3044,$45800000
EduGlobal Ltd,Jamie Jackson,XXX-XX-7013,$9800000
TechCorp Inc,Tim Moore,XXX-XX-9815,$45100000
FinanceHub LLC,Robert Miller,XXX-XX-9180,$15700000
FinanceHub Inc,Jennifer Cook,XXX-XX-9017,$12700000
NexusCore ,John Thomas,XXX-XX-7527,$47000000
CloudNet Ltd,Jennifer Gonzalez,XXX-XX-4939,$23800000
QuantumNet LLC,Karen Thomas,XXX-XX-3946,$26300000
EduGlobal Corp,Linda Anderson,XXX-XX-3410,$47300000
FinTech Inc,Tim Cook,XXX-XX-2391,$46100000
RetailGiant ,Susan Bezos,XXX-XX-7402,$44200000
CyberShield ,Joseph Rodriguez,XXX-XX-8286,$42800000
AutoMotive Inc,Elon Anderson,XXX-XX-4871,$45200000
RetailGiant Corp,William Martinez,XXX-XX-4557,$34600000
DataSys Ltd,Mary Brown,XXX-XX-7208,$34000000
AutoMotive LLC,Jessica Lopez,XXX-XX-5980,$13800000
CyberShield Corp,Jamie Jones,XXX-XX-3672,$5500000
HealthPlus Ltd,Tim Wilson,XXX-XX-2538,$35800000
HealthPlus ,David Cook,XXX-XX-4583,$32200000
HealthPlus Corp,John Johnson,XXX-XX-4179,$12500000
TechCorp LLC,William Rodriguez,XXX-XX-5350,$42600000
EduGlobal LLC,Thomas Musk,XXX-XX-3699,$23100000
CyberShield ,Jeff Lopez,XXX-XX-4924,$36000000
CyberShield Ltd,Susan Taylor,XXX-XX-9367,$30400000
TechCorp LLC,Charles Hernandez,XXX-XX-9457,$25400000
HealthPlus Ltd,Joseph Jackson,XXX-XX-8210,$16600000
EduGlobal Ltd,Jamie Davis,XXX-XX-3668,$34400000
FinTech ,Jennifer Musk,XXX-XX-1592,$30900000
DataSys Corp,Jessica Jackson,XXX-XX-7599,$37500000
BioGen Inc,Joseph Miller,XXX-XX-3116,$8000000
BioGen Corp,Patricia Brown,XXX-XX-1874,$32400000
NexusCore ,Robert Jackson,XXX-XX-3774,$13800000
FinTech Ltd,Charles Miller,XXX-XX-9551,$11500000
CloudNet Corp,Tim Anderson,XXX-XX-4459,$20200000
HealthPlus LLC,Elon Lopez,XXX-XX-6735,$47800000
RetailGiant Ltd,Susan Martinez,XXX-XX-1571,$36300000
BioGen Corp,Jennifer Anderson,XXX-XX-4804,$22200000
BioGen Ltd,William Cook,XXX-XX-2413,$8400000
FinTech LLC,Susan Garcia,XXX-XX-7818,$14300000
EcoGreen Corp,John Martin,XXX-XX-1372,$17800000
EcoGreen ,Mary Lopez,XXX-XX-4164,$17200000
RetailGiant LLC,William Cook,XXX-XX-6331,$13600000
AeroSpace Corp,Charles Lopez,XXX-XX-4824,$18700000
AutoMotive ,Mary Martin,XXX-XX-8788,$28300000
EduGlobal Ltd,Thomas Martinez,XXX-XX-1756,$25600000
HealthPlus Inc,Patricia Musk,XXX-XX-1050,$11400000
BioGen Inc,Jennifer Dimon,XXX-XX-8913,$6100000
CloudNet LLC,Linda Garcia,XXX-XX-7208,$38100000
BioGen Inc,Tim Taylor,XXX-XX-9427,$30400000
FinanceHub Ltd,Tim Bezos,XXX-XX-9243,$15200000
QuantumNet LLC,William Jackson,XXX-XX-2927,$11100000
FinTech Corp,Elon Garcia,XXX-XX-6437,$33000000
EcoGreen Corp,Joseph Cook,XXX-XX-2164,$26400000
CyberShield Inc,William Bezos,XXX-XX-8314,$32700000
EcoGreen Ltd,Mary Dimon,XXX-XX-4368,$39800000
QuantumNet LLC,Karen Taylor,XXX-XX-8179,$37700000
FinTech Ltd,Richard Martinez,XXX-XX-6770,$33000000
EduGlobal Corp,Elizabeth Wilson,XXX-XX-3699,$10300000
HealthPlus LLC,Elizabeth Johnson,XXX-XX-8451,$41400000
CyberShield ,Elon Jones,XXX-XX-1581,$44500000
FinTech ,Tim Miller,XXX-XX-9766,$46100000
DataSys Corp,Robert Thomas,XXX-XX-7434,$22100000
NexusCore ,Jennifer Gonzalez,XXX-XX-3457,$42700000
RetailGiant LLC,Sarah Garcia,XXX-XX-9822,$11800000
