Timestamp,LogLevel,ServerIP,RequestURL,UserAgent
Data_564,Data_333,Data_836,Data_619,Data_851
Data_347,Data_129,Data_614,Data_722,Data_132
Data_289,Data_355,Data_765,Data_109,Data_257
Data_220,Data_614,Data_749,Data_410,Data_840
Data_367,Data_645,Data_883,Data_516,Data_342
Data_599,Data_172,Data_634,Data_143,Data_245
Data_474,Data_671,Data_325,Data_450,Data_658
Data_941,Data_712,Data_218,Data_304,Data_977
Data_295,Data_862,Data_147,Data_331,Data_709
Data_190,Data_760,Data_427,Data_616,Data_463
Data_231,Data_708,Data_650,Data_324,Data_927
Data_861,Data_739,Data_813,Data_784,Data_146
Data_129,Data_675,Data_620,Data_385,Data_213
Data_128,Data_973,Data_554,Data_969,Data_730
Data_893,Data_249,Data_378,Data_276,Data_862
Data_857,Data_800,Data_945,Data_455,Data_822
Data_805,Data_419,Data_807,Data_985,Data_821
Data_192,Data_565,Data_970,Data_722,Data_187
Data_855,Data_346,Data_521,Data_775,Data_949
Data_373,Data_338,Data_815,Data_970,Data_871
Data_835,Data_236,Data_378,Data_506,Data_510
Data_530,Data_504,Data_306,Data_299,Data_972
Data_508,Data_665,Data_181,Data_786,Data_858
Data_933,Data_410,Data_100,Data_363,Data_321
Data_530,Data_313,Data_183,Data_851,Data_652
Data_116,Data_794,Data_401,Data_607,Data_847
Data_603,Data_762,Data_301,Data_533,Data_193
Data_323,Data_776,Data_836,Data_473,Data_402
Data_685,Data_700,Data_219,Data_826,Data_490
Data_724,Data_345,Data_900,Data_717,Data_623
Data_949,Data_869,Data_752,Data_558,Data_339
Data_578,Data_236,Data_588,Data_547,Data_846
Data_112,Data_828,Data_435,Data_793,Data_730
Data_685,Data_876,Data_624,Data_219,Data_253
Data_274,Data_227,Data_331,Data_119,Data_144
Data_478,Data_986,Data_627,Data_912,Data_987
Data_828,Data_604,Data_651,Data_636,Data_444
Data_148,Data_638,Data_210,Data_854,Data_572
Data_708,Data_260,Data_796,Data_652,Data_367
Data_570,Data_997,Data_843,Data_337,Data_625
Data_715,Data_174,Data_474,Data_364,Data_338
Data_643,Data_485,Data_815,Data_267,Data_262
Data_136,Data_712,Data_434,Data_171,Data_833
Data_975,Data_675,Data_404,Data_731,Data_716
Data_405,Data_728,Data_309,Data_306,Data_156
Data_992,Data_538,Data_835,Data_548,Data_123
Data_841,Data_807,Data_639,Data_904,Data_699
Data_183,Data_951,Data_864,Data_286,Data_992
Data_311,Data_712,Data_698,Data_522,Data_608
Data_963,Data_113,Data_176,Data_447,Data_738
Data_267,Data_211,Data_492,Data_184,Data_124
Data_715,Data_270,Data_660,Data_312,Data_697
Data_741,Data_730,Data_501,Data_334,Data_355
Data_703,Data_889,Data_174,Data_293,Data_807
Data_720,Data_654,Data_435,Data_284,Data_902
Data_677,Data_317,Data_761,Data_589,Data_235
Data_154,Data_388,Data_630,Data_462,Data_921
Data_359,Data_566,Data_177,Data_776,Data_494
Data_319,Data_486,Data_440,Data_207,Data_544
Data_222,Data_804,Data_475,Data_610,Data_152
Data_618,Data_838,Data_233,Data_867,Data_589
Data_408,Data_810,Data_969,Data_160,Data_764
Data_898,Data_554,Data_355,Data_455,Data_985
Data_111,Data_236,Data_720,Data_503,Data_516
Data_478,Data_290,Data_944,Data_114,Data_379
Data_649,Data_468,Data_794,Data_140,Data_129
Data_742,Data_322,Data_150,Data_666,Data_223
Data_135,Data_204,Data_120,Data_623,Data_954
Data_656,Data_496,Data_557,Data_991,Data_767
Data_528,Data_955,Data_820,Data_172,Data_309
Data_280,Data_990,Data_740,Data_584,Data_435
Data_730,Data_954,Data_286,Data_237,Data_535
Data_601,Data_876,Data_404,Data_556,Data_627
Data_301,Data_590,Data_903,Data_431,Data_100
Data_860,Data_954,Data_760,Data_949,Data_199
Data_822,Data_830,Data_905,Data_292,Data_568
Data_463,Data_974,Data_449,Data_870,Data_779
Data_959,Data_925,Data_879,Data_161,Data_149
Data_506,Data_268,Data_819,Data_448,Data_325
Data_507,Data_475,Data_630,Data_329,Data_477
Data_187,Data_185,Data_802,Data_920,Data_268
Data_599,Data_531,Data_946,Data_614,Data_401
Data_453,Data_877,Data_535,Data_370,Data_618
Data_119,Data_813,Data_604,Data_921,Data_198
Data_476,Data_666,Data_535,Data_777,Data_176
Data_868,Data_392,Data_224,Data_188,Data_786
Data_331,Data_950,Data_764,Data_849,Data_508
Data_951,Data_863,Data_405,Data_718,Data_529
Data_511,Data_769,Data_832,Data_784,Data_253
Data_451,Data_847,Data_420,Data_348,Data_123
Data_283,Data_821,Data_445,Data_660,Data_405
Data_510,Data_102,Data_684,Data_894,Data_532
Data_606,Data_536,Data_763,Data_178,Data_778
Data_734,Data_211,Data_990,Data_657,Data_767
Data_316,Data_620,Data_196,Data_797,Data_682
Data_872,Data_234,Data_583,Data_852,Data_234
Data_252,Data_198,Data_408,Data_444,Data_506
Data_908,Data_472,Data_343,Data_348,Data_788
Data_158,Data_504,Data_105,Data_445,Data_197
Data_504,Data_303,Data_535,Data_292,Data_957
